{"cameraMode":{"drawMode":0,"name":"Shaded","section":"Shading Mode"},"sceneLighting":true,"audioPlay":false,"sceneViewState":{"showFog":true,"showMaterialUpdate":false,"showSkybox":true,"showFlares":true,"showImageEffects":true,"showParticleSystems":true,"showVisualEffectGraphs":true,"m_FxEnabled":true},"in2DMode":false,"pivot":{"x":0.5869432687759399,"y":-0.6403527855873108,"z":0.12437056005001068},"rotation":{"x":0.0010559253860265017,"y":0.9984328746795654,"z":-0.02008163183927536,"w":0.053066808730363849},"size":1.5073950290679932,"orthographic":false}