{"cameraMode":{"drawMode":0,"name":"Shaded","section":"Shading Mode"},"sceneLighting":true,"audioPlay":false,"sceneViewState":{"showFog":true,"showMaterialUpdate":false,"showSkybox":true,"showFlares":true,"showImageEffects":true,"showParticleSystems":true,"showVisualEffectGraphs":true,"m_FxEnabled":true},"in2DMode":false,"pivot":{"x":3.24977707862854,"y":1.134631633758545,"z":2.0887348651885988},"rotation":{"x":0.11952096968889237,"y":-0.05835680663585663,"z":0.007050231099128723,"w":0.9911510944366455},"size":3.3034374713897707,"orthographic":false}