{"cameraMode":{"drawMode":0,"name":"Shaded","section":"Shading Mode"},"sceneLighting":true,"audioPlay":false,"sceneViewState":{"showFog":true,"showMaterialUpdate":false,"showSkybox":true,"showFlares":true,"showImageEffects":true,"showParticleSystems":true,"showVisualEffectGraphs":true,"m_FxEnabled":true},"in2DMode":false,"pivot":{"x":1.4095882177352906,"y":-0.4494871497154236,"z":3.30037522315979},"rotation":{"x":0.028442326933145524,"y":0.05365448072552681,"z":0.0016176587669178844,"w":-0.9982198476791382},"size":4.796562194824219,"orthographic":false}