{"cameraMode":{"drawMode":0,"name":"Shaded","section":"Shading Mode"},"sceneLighting":true,"audioPlay":false,"sceneViewState":{"showFog":true,"showMaterialUpdate":false,"showSkybox":true,"showFlares":true,"showImageEffects":true,"showParticleSystems":true,"showVisualEffectGraphs":true,"m_FxEnabled":true},"in2DMode":false,"pivot":{"x":3.24977707862854,"y":1.134631633758545,"z":2.0887348651885988},"rotation":{"x":0.0449664443731308,"y":-0.03626764938235283,"z":0.0016553616151213647,"w":0.9983898997306824},"size":3.3034374713897707,"orthographic":false}