{"cameraMode":{"drawMode":0,"name":"Shaded","section":"Shading Mode"},"sceneLighting":true,"audioPlay":false,"sceneViewState":{"showFog":true,"showMaterialUpdate":false,"showSkybox":true,"showFlares":true,"showImageEffects":true,"showParticleSystems":true,"showVisualEffectGraphs":true,"m_FxEnabled":true},"in2DMode":false,"pivot":{"x":-0.32998886704444888,"y":-2.160905361175537,"z":2.4031195640563967},"rotation":{"x":0.2575339376926422,"y":-0.06258630007505417,"z":0.016677241772413255,"w":0.9641657471656799},"size":3.0034375190734865,"orthographic":false}