{"cameraMode":{"drawMode":0,"name":"Shaded","section":"Shading Mode"},"sceneLighting":true,"audioPlay":false,"sceneViewState":{"showFog":true,"showMaterialUpdate":false,"showSkybox":true,"showFlares":true,"showImageEffects":true,"showParticleSystems":true,"showVisualEffectGraphs":true,"m_FxEnabled":true},"in2DMode":false,"pivot":{"x":4.039997577667236,"y":-2.1263694763183595,"z":0.6442825794219971},"rotation":{"x":0.22166992723941804,"y":-0.001773471012711525,"z":0.00036423758137971163,"w":0.975199282169342},"size":3.0034375190734865,"orthographic":false}