{"cameraMode":{"drawMode":0,"name":"Shaded","section":"Shading Mode"},"sceneLighting":true,"audioPlay":false,"sceneViewState":{"showFog":true,"showMaterialUpdate":false,"showSkybox":true,"showFlares":true,"showImageEffects":true,"showParticleSystems":true,"showVisualEffectGraphs":true,"m_FxEnabled":true},"in2DMode":false,"pivot":{"x":1.0837482213974,"y":-0.6121841073036194,"z":0.4418506324291229},"rotation":{"x":0.08088097721338272,"y":-0.033197663724422458,"z":0.0027018075343221428,"w":0.9962301850318909},"size":3.0034375190734865,"orthographic":false}